station_id,timestamp,temperature_c,pressure_hpa,humidity_pct,noaa_flag
BBI,2019-04-26 05:00:00,33.0,1008.0,79.6,0
BBI,2019-04-26 06:00:00,34.0,1007.0,79.7,0
BBI,2019-04-26 07:00:00,36.0,1006.0,71.4,0
BBI,2019-04-26 08:00:00,37.0,1005.0,67.6,0
BBI,2019-04-26 09:00:00,37.0,1004.0,63.8,0
BBI,2019-04-26 10:00:00,36.0,1004.0,71.4,0
BBI,2019-04-26 11:00:00,35.0,1003.0,75.4,0
BBI,2019-04-26 12:00:00,33.0,1003.0,79.6,0
BBI,2019-04-26 13:00:00,31.0,1006.0,89.1,0
BBI,2019-04-26 14:00:00,31.0,1004.0,84.1,0
BBI,2019-04-26 15:00:00,30.0,1005.0,89.1,0
BBI,2019-04-26 16:00:00,29.0,1006.0,94.4,0
BBI,2019-04-26 17:00:00,29.0,1007.0,94.4,0
BBI,2019-04-26 18:00:00,29.0,1006.0,94.4,0
BBI,2019-04-26 19:00:00,29.0,1006.0,94.4,0
BBI,2019-04-26 20:00:00,29.0,1005.0,94.4,0
BBI,2019-04-26 21:00:00,29.0,1005.0,94.4,0
BBI,2019-04-26 22:00:00,29.0,1004.0,94.4,0
BBI,2019-04-26 23:00:00,29.0,1005.0,100.0,0
BBI,2019-04-27 00:00:00,29.0,1005.0,94.4,0
BBI,2019-04-27 01:00:00,29.0,1006.0,100.0,0
BBI,2019-04-27 02:00:00,30.0,1007.0,94.4,0
BBI,2019-04-27 03:00:00,30.0,1007.0,94.4,0
BBI,2019-04-27 04:00:00,32.0,1007.0,89.2,0
BBI,2019-04-27 05:00:00,34.0,1007.0,75.3,0
BBI,2019-04-27 06:00:00,37.0,1006.0,56.8,0
BBI,2019-04-27 07:00:00,38.0,1005.0,60.4,0
BBI,2019-04-27 08:00:00,39.0,1004.0,57.2,0
BBI,2019-04-27 09:00:00,37.0,1003.0,67.6,0
BBI,2019-04-27 10:00:00,36.0,1002.0,71.4,0
BBI,2019-04-27 11:00:00,35.0,1002.0,71.2,0
BBI,2019-04-27 12:00:00,34.0,1002.0,75.3,0
BBI,2019-04-27 13:00:00,31.0,1003.0,89.1,0
BBI,2019-04-27 14:00:00,30.0,1004.0,89.1,0
BBI,2019-04-27 15:00:00,30.0,1005.0,89.1,0
BBI,2019-04-27 16:00:00,30.0,1006.0,89.1,0
BBI,2019-04-27 17:00:00,30.0,1006.0,89.1,0
BBI,2019-04-27 18:00:00,30.0,1006.0,89.1,0
BBI,2019-04-27 19:00:00,30.0,1005.0,89.1,0
BBI,2019-04-27 20:00:00,29.0,1005.0,94.4,0
BBI,2019-04-27 21:00:00,29.0,1004.0,94.4,0
BBI,2019-04-27 22:00:00,29.0,1004.0,94.4,0
BBI,2019-04-27 23:00:00,29.0,1004.0,94.4,0
BBI,2019-04-28 00:00:00,29.0,1005.0,89.0,0
BBI,2019-04-28 01:00:00,29.0,1006.0,94.4,0
BBI,2019-04-28 02:00:00,29.0,1006.0,94.4,0
BBI,2019-04-28 03:00:00,30.0,1007.0,89.1,0
BBI,2019-04-28 04:00:00,32.0,1007.0,84.2,0
BBI,2019-04-28 05:00:00,34.0,1007.0,71.0,0
BBI,2019-04-28 06:00:00,35.0,1007.0,71.2,0
BBI,2019-04-28 08:00:00,37.0,1005.0,63.8,0
BBI,2019-04-28 09:00:00,37.0,1004.0,60.2,0
BBI,2019-04-28 10:00:00,37.0,1003.0,63.8,0
BBI,2019-04-28 11:00:00,36.0,1003.0,67.4,0
BBI,2019-04-28 12:00:00,34.0,1003.0,71.0,0
BBI,2019-04-28 13:00:00,32.0,1003.0,79.5,0
BBI,2019-04-28 14:00:00,30.0,1005.0,89.1,0
BBI,2019-04-28 15:00:00,30.0,1006.0,84.0,0
BBI,2019-04-28 16:00:00,29.0,1006.0,94.4,0
BBI,2019-04-28 17:00:00,29.0,1007.0,94.4,0
BBI,2019-04-28 18:00:00,29.0,1006.0,89.0,0
BBI,2019-04-28 19:00:00,29.0,1006.0,94.4,0
BBI,2019-04-28 20:00:00,29.0,1005.0,94.4,0
BBI,2019-04-28 21:00:00,29.0,1005.0,94.4,0
BBI,2019-04-28 22:00:00,29.0,1005.0,94.4,0
BBI,2019-04-28 23:00:00,29.0,1005.0,94.4,0
BBI,2019-04-29 00:00:00,29.0,1005.0,94.4,0
BBI,2019-04-29 01:00:00,29.0,1006.0,94.4,0
BBI,2019-04-29 02:00:00,30.0,1007.0,89.1,0
BBI,2019-04-29 03:00:00,31.0,1008.0,89.1,0
BBI,2019-04-29 04:00:00,33.0,1008.0,79.6,0
BBI,2019-04-29 05:00:00,35.0,1007.0,71.2,0
BBI,2019-04-29 06:00:00,36.0,1007.0,71.4,0
BBI,2019-04-29 07:00:00,37.0,1006.0,63.8,0
BBI,2019-04-29 08:00:00,37.0,1005.0,63.8,0
BBI,2019-04-29 09:00:00,37.0,1004.0,63.8,0
BBI,2019-04-29 10:00:00,35.0,1004.0,71.2,0
BBI,2019-04-29 11:00:00,33.0,1004.0,79.6,0
BBI,2019-04-29 12:00:00,33.0,1003.0,75.1,0
BBI,2019-04-29 13:00:00,31.0,1004.0,84.1,0
BBI,2019-04-29 14:00:00,30.0,1005.0,89.1,0
BBI,2019-04-29 15:00:00,29.0,1005.0,94.4,0
BBI,2019-04-29 16:00:00,29.0,1006.0,94.4,0
BBI,2019-04-29 17:00:00,29.0,1006.0,94.4,0
BBI,2019-04-29 18:00:00,29.0,1006.0,94.4,0
BBI,2019-04-29 19:00:00,29.0,1006.0,94.4,0
BBI,2019-04-29 20:00:00,29.0,1005.0,94.4,0
BBI,2019-04-29 21:00:00,29.0,1005.0,94.4,0
BBI,2019-04-29 22:00:00,28.0,1005.0,100.0,0
BBI,2019-04-29 23:00:00,28.0,1005.0,100.0,0
BBI,2019-04-30 00:00:00,28.0,1006.0,88.9,0
BBI,2019-04-30 01:00:00,28.0,1006.0,100.0,0
BBI,2019-04-30 02:00:00,29.0,1007.0,94.4,0
BBI,2019-04-30 03:00:00,30.0,1007.0,89.1,0
BBI,2019-04-30 04:00:00,32.0,1008.0,79.5,0
BBI,2019-04-30 05:00:00,33.0,1007.0,75.1,0
BBI,2019-04-30 06:00:00,35.0,1007.0,67.2,0
BBI,2019-04-30 07:00:00,37.0,1006.0,53.5,0
BBI,2019-04-30 08:00:00,37.0,1005.0,56.8,0
BBI,2019-04-30 09:00:00,37.0,1005.0,42.1,0
BBI,2019-04-30 10:00:00,36.0,1004.0,50.2,0
BBI,2019-04-30 11:00:00,34.0,1004.0,59.5,0
BBI,2019-04-30 12:00:00,33.0,1004.0,66.8,0
BBI,2019-04-30 13:00:00,31.0,1005.0,79.3,0
BBI,2019-04-30 14:00:00,30.0,1006.0,84.0,0
BBI,2019-04-30 15:00:00,29.0,1006.0,89.0,0
BBI,2019-04-30 16:00:00,29.0,1007.0,94.4,0
BBI,2019-04-30 17:00:00,29.0,1007.0,94.4,0
BBI,2019-04-30 18:00:00,28.0,1006.0,100.0,0
BBI,2019-04-30 19:00:00,28.0,1006.0,100.0,0
BBI,2019-04-30 20:00:00,28.0,1005.0,100.0,0
BBI,2019-04-30 21:00:00,28.0,1005.0,94.3,0
BBI,2019-04-30 22:00:00,28.0,1005.0,94.3,0
BBI,2019-04-30 23:00:00,27.0,1005.0,100.0,0
BBI,2019-05-01 00:00:00,27.0,1005.0,100.0,0
BBI,2019-05-01 01:00:00,29.0,1006.0,94.4,0
BBI,2019-05-01 02:00:00,30.0,1006.0,94.4,0
BBI,2019-05-01 03:00:00,32.0,1006.0,70.7,0
BBI,2019-05-01 04:00:00,33.0,1007.0,75.1,0
BBI,2019-05-01 05:00:00,34.0,1006.0,71.0,0
BBI,2019-05-01 06:00:00,35.0,1006.0,63.4,0
BBI,2019-05-01 07:00:00,36.0,1005.0,60.0,0
BBI,2019-05-01 08:00:00,36.0,1004.0,60.0,0
BBI,2019-05-01 09:00:00,35.0,1003.0,59.7,0
BBI,2019-05-01 10:00:00,34.0,1003.0,59.5,0
BBI,2019-05-01 11:00:00,34.0,1003.0,67.0,0
BBI,2019-05-01 12:00:00,32.0,1004.0,70.7,0
BBI,2019-05-01 13:00:00,31.0,1005.0,79.3,0
BBI,2019-05-01 14:00:00,30.0,1005.0,84.0,0
BBI,2019-05-01 15:00:00,30.0,1006.0,84.0,0
BBI,2019-05-01 16:00:00,29.0,1006.0,89.0,0
BBI,2019-05-01 17:00:00,29.0,1006.0,89.0,0
BBI,2019-05-01 18:00:00,29.0,1005.0,79.1,0
BBI,2019-05-01 19:00:00,29.0,1004.0,89.0,0
BBI,2019-05-01 20:00:00,29.0,1004.0,89.0,0
BBI,2019-05-01 21:00:00,29.0,1003.0,83.9,0
BBI,2019-05-01 22:00:00,29.0,1003.0,89.0,0
BBI,2019-05-01 23:00:00,29.0,1003.0,89.0,0
BBI,2019-05-02 00:00:00,29.0,1004.0,79.1,0
BBI,2019-05-02 01:00:00,29.0,1004.0,94.4,0
BBI,2019-05-02 02:00:00,30.0,1005.0,89.1,0
BBI,2019-05-02 03:00:00,31.0,1005.0,84.1,0
BBI,2019-05-02 04:00:00,33.0,1005.0,75.1,0
BBI,2019-05-02 05:00:00,34.0,1004.0,67.0,0
BBI,2019-05-02 06:00:00,33.0,1005.0,75.1,0
BBI,2019-05-02 07:00:00,33.0,1004.0,75.1,0
BBI,2019-05-02 08:00:00,30.0,1003.0,89.1,0
BBI,2019-05-02 09:00:00,30.0,1002.0,84.0,0
BBI,2019-05-02 10:00:00,28.0,1003.0,88.9,0
BBI,2019-05-02 11:00:00,27.0,1002.0,100.0,0
BBI,2019-05-02 12:00:00,27.0,1002.0,100.0,0
BBI,2019-05-02 13:00:00,28.0,1002.0,94.3,0
BBI,2019-05-02 14:00:00,27.0,1002.0,100.0,0
BBI,2019-05-02 15:00:00,26.0,1003.0,100.0,0
BBI,2019-05-02 16:00:00,26.0,1003.0,94.2,0
BBI,2019-05-02 17:00:00,25.0,1004.0,100.0,0
BBI,2019-05-02 18:00:00,25.0,1002.0,100.0,0
BBI,2019-05-02 19:00:00,25.0,1000.0,100.0,0
BBI,2019-05-02 20:00:00,25.0,999.0,100.0,0
BBI,2019-05-02 21:00:00,25.0,998.0,100.0,0
BBI,2019-05-02 22:00:00,26.0,996.0,100.0,0
BBI,2019-05-02 23:00:00,25.0,996.0,100.0,0
BBI,2019-05-03 00:00:00,25.0,995.0,94.2,0
BBI,2019-05-03 01:00:00,25.0,994.0,94.2,0
BBI,2019-05-03 02:00:00,25.0,993.0,100.0,1
BBI,2019-05-03 03:00:00,25.0,992.0,100.0,1
BBI,2019-05-03 04:00:00,25.0,987.0,100.0,1
BBI,2019-05-03 05:00:00,25.0,977.0,100.0,0
BBI,2019-05-03 09:00:00,24.0,988.0,100.0,1
BBI,2019-05-03 10:00:00,24.0,991.0,100.0,1
BBI,2019-05-04 02:00:00,24.0,1005.0,100.0,0
BBI,2019-05-04 03:00:00,25.0,1006.0,100.0,0
BBI,2019-05-04 04:00:00,26.0,1007.0,100.0,0
BBI,2019-05-04 05:00:00,27.0,1006.0,88.8,0
BBI,2019-05-04 09:00:00,34.0,1004.0,63.1,0
BBI,2019-05-04 10:00:00,33.0,1004.0,62.9,0
BBI,2019-05-04 11:00:00,33.0,1004.0,62.9,0
BBI,2019-05-04 12:00:00,32.0,1005.0,79.5,0
BBI,2019-05-04 13:00:00,32.0,1006.0,79.5,0
BBI,2019-05-04 14:00:00,31.0,1007.0,79.3,0
BBI,2019-05-04 15:00:00,29.0,1007.0,94.4,0
BBI,2019-05-04 16:00:00,29.0,1008.0,94.4,0
BBI,2019-05-05 02:00:00,29.0,1009.0,94.4,0
BBI,2019-05-05 03:00:00,30.0,1009.0,89.1,0
BBI,2019-05-05 04:00:00,31.0,1009.0,84.1,0
BBI,2019-05-05 05:00:00,32.0,1009.0,79.5,0
BBI,2019-05-05 06:00:00,33.0,1008.0,70.8,0
BBI,2019-05-05 07:00:00,34.0,1007.0,67.0,0
BBI,2019-05-05 08:00:00,34.0,1006.0,63.1,0
BBI,2019-05-05 09:00:00,34.0,1005.0,63.1,0
BBI,2019-05-05 10:00:00,34.0,1005.0,63.1,0
BBI,2019-05-05 11:00:00,33.0,1005.0,66.8,0
BBI,2019-05-05 12:00:00,32.0,1005.0,79.5,0
BBI,2019-05-05 13:00:00,31.0,1006.0,79.3,0
BBI,2019-05-05 14:00:00,30.0,1006.0,84.0,0
BBI,2019-05-05 15:00:00,29.0,1006.0,94.4,0
BBI,2019-05-05 16:00:00,29.0,1008.0,89.0,0
BBI,2019-05-05 17:00:00,29.0,1008.0,94.4,0
BBI,2019-05-05 18:00:00,29.0,1008.0,89.0,0
BBI,2019-05-05 19:00:00,29.0,1007.0,94.4,0
BBI,2019-05-05 20:00:00,29.0,1006.0,89.0,0
BBI,2019-05-05 21:00:00,29.0,1006.0,89.0,0
BBI,2019-05-05 22:00:00,28.0,1005.0,94.3,0
BBI,2019-05-05 23:00:00,28.0,1005.0,94.3,0
BBI,2019-05-06 00:00:00,28.0,1005.0,94.3,0
BBI,2019-05-06 02:00:00,30.0,1007.0,89.1,0
BBI,2019-05-06 03:00:00,31.0,1007.0,79.3,0
BBI,2019-05-06 04:00:00,32.0,1007.0,74.9,0
BBI,2019-05-06 05:00:00,34.0,1007.0,63.1,0
